{
  "mae": 1.7497252088314121,
  "rmse": 4.101336777175046,
  "r2": 0.9883489535237729,
  "accuracy": 0.9734513274336283,
  "target_met": true
}