{
  "mae": 0.09195256765511639,
  "rmse": 0.1866362649098485,
  "r2": 0.9978761522831376,
  "accuracy": 1.0,
  "target_met": true
}